nb_ref_company1,nb_ref_company2,similarity_threshold,true_positives,false_positives,false_negatives,precision,recall,f_measure,processing_time,tpr,true_negatives,fpr
1363.0,3226.0,0.1,1132.0,5012.0,168.0,0.18424479166666666,0.8707692307692307,0.3041375604513702,266.4663848876953,0.8707692307692307,4390726.0,0.0011401953437625264
1363.0,3226.0,0.2,1109.0,2730.0,191.0,0.2888773117999479,0.8530769230769231,0.431601478886943,440.07914996147156,0.8530769230769231,4393008.0,0.0006210561229991414
1363.0,3226.0,0.3,1072.0,1637.0,228.0,0.39571797711332596,0.8246153846153846,0.5347967074083313,595.4559388160706,0.8246153846153846,4394101.0,0.0003724061807141372
1363.0,3226.0,0.6,899.0,542.0,401.0,0.6238723108952117,0.6915384615384615,0.655964976286027,1217.5834429264069,0.6915384615384615,4395196.0,0.0001233012522584376
1363.0,3226.0,0.7,1.0,1206.0,1299.0,0.0008285004142502071,0.0007692307692307692,0.0007977662544874351,1712.2355620861053,0.0007692307692307692,4394532.0,0.0002743566609292911
1363.0,3226.0,0.9,554.0,243.0,746.0,0.6951066499372648,0.42615384615384616,0.5283738674296614,1278.7732100486755,0.42615384615384616,4395495.0,5.528081973948402e-05
